label_id,paxinos_name,proposed_acronym,proposed_name,acronym_basis,basis_detail,confidence,review_status,current_structure_acronym,current_structure_name,resource_action,r,g,b,duplicate_resolution
2,dorsal motor nucleus of vagus,DMX,dorsal motor nucleus of vagus,manual_common_neuroanatomy,standard abbreviation,high,pending_review,DMNOV_2,dorsal motor nucleus of vagus,kept_for_review_or_manual_approval,102,176,199,
3,vagus nerve,X,vagus nerve,manual_common_neuroanatomy,cranial nerve X,high,pending_review,VN_3,vagus nerve,kept_for_review_or_manual_approval,227,89,233,
4,accessory nerve nucleus,Acs,accessory nerve nucleus,manual_common_neuroanatomy,standard-derived abbreviation,high,pending_review,ANN_4,accessory nerve nucleus,kept_for_review_or_manual_approval,133,223,176,
5,"hypoglossal nucleus, geniohyoid part",XIIg,"hypoglossal nucleus, geniohyoid part",manual_common_neuroanatomy,hypoglossal geniohyoid part,high,pending_review,HNGP_5,"hypoglossal nucleus, geniohyoid part",kept_for_review_or_manual_approval,0,255,123,
6,hypoglossal nucleus,XII,hypoglossal nucleus,manual_common_neuroanatomy,cranial nerve XII nucleus,high,pending_review,HN_6,hypoglossal nucleus,kept_for_review_or_manual_approval,0,194,255,
7,root of hypoglossal nerve,RtXII,root of hypoglossal nerve,manual_common_neuroanatomy,root of cranial nerve XII,high,pending_review,ROHN_7,root of hypoglossal nerve,kept_for_review_or_manual_approval,206,0,212,
15,oculomotor nucleus,III,oculomotor nucleus,manual_common_neuroanatomy,cranial nerve III nucleus,high,pending_review,ON_15,oculomotor nucleus,kept_for_review_or_manual_approval,118,161,233,
16,"oculomotor nucleus, parvicellular part",IIIpc,"oculomotor nucleus, parvicellular part",manual_common_neuroanatomy,oculomotor parvicellular part,high,pending_review,ONPP_16,"oculomotor nucleus, parvicellular part",kept_for_review_or_manual_approval,0,94,255,
17,3rd ventricle,3V,3rd ventricle,manual_common_neuroanatomy,standard abbreviation,high,pending_review,3V_17,3rd ventricle,kept_for_review_or_manual_approval,255,178,220,
18,oculomotor nerve,3n,oculomotor nerve,manual_common_neuroanatomy,cranial nerve III,high,pending_review,ON_18,oculomotor nerve,kept_for_review_or_manual_approval,253,178,255,
22,trochlear nucleus,IV,trochlear nucleus,manual_common_neuroanatomy,cranial nerve IV nucleus,high,pending_review,TN_22,trochlear nucleus,kept_for_review_or_manual_approval,0,66,212,
24,4th ventricle,4V,4th ventricle,manual_common_neuroanatomy,standard abbreviation,high,pending_review,4V_24,4th ventricle,kept_for_review_or_manual_approval,255,89,164,
25,trochlear nerve,4n,trochlear nerve,manual_common_neuroanatomy,cranial nerve IV,high,pending_review,TN_25,trochlear nerve,kept_for_review_or_manual_approval,255,0,254,
31,motor trigeminal nucleus,Mo5,motor trigeminal nucleus,manual_common_neuroanatomy,common abbreviation,high,pending_review,MTN_31,motor trigeminal nucleus,kept_for_review_or_manual_approval,178,244,255,
38,abducens nucleus,VI,abducens nucleus,manual_common_neuroanatomy,cranial nerve VI nucleus,high,pending_review,AN_38,abducens nucleus,kept_for_review_or_manual_approval,89,228,255,
51,facial nucleus,VII,facial nucleus,manual_common_neuroanatomy,cranial nerve VII nucleus,high,pending_review,FN_51,facial nucleus,kept_for_review_or_manual_approval,0,193,233,
55,facial nerve,7n,facial nerve,manual_common_neuroanatomy,cranial nerve VII,high,pending_review,FN_55,facial nerve,kept_for_review_or_manual_approval,201,0,255,
60,vestibulocochlear nerve,8n,vestibulocochlear nerve,manual_common_neuroanatomy,cranial nerve VIII,high,pending_review,VN_60,vestibulocochlear nerve,kept_for_review_or_manual_approval,246,178,255,
76,anterior amygdaloid area,AA,anterior amygdaloid area,manual_common_neuroanatomy,standard abbreviation for anterior amygdaloid area,high,pending_review,AAA_76,anterior amygdaloid area,kept_for_review_or_manual_approval,255,81,0,
79,anterior cortical amygdaloid nucleus,ACo,anterior cortical amygdaloid nucleus,manual_common_neuroanatomy,standard abbreviation for anterior cortical amygdaloid nucleus,high,pending_review,ACAN_79,anterior cortical amygdaloid nucleus,kept_for_review_or_manual_approval,248,255,178,
80,anterodorsal thalamic nucleus,AD,anterodorsal thalamic nucleus,manual_common_neuroanatomy,standard thalamic abbreviation,high,pending_review,ATN_80,anterodorsal thalamic nucleus,kept_for_review_or_manual_approval,233,199,107,
82,anterior hypothalamic area,AHA,anterior hypothalamic area,manual_common_neuroanatomy,standard abbreviation,high,pending_review,AHA_82,anterior hypothalamic area,kept_for_review_or_manual_approval,255,103,0,
83,"anterior hypothalamic area, anterior part",AHAa,"anterior hypothalamic area, anterior part",manual_common_neuroanatomy,AHA anterior,high,pending_review,AHAAP_83,"anterior hypothalamic area, anterior part",kept_for_review_or_manual_approval,223,89,0,
84,"anterior hypothalamic area, central part",AHAc,"anterior hypothalamic area, central part",manual_common_neuroanatomy,AHA central,high,pending_review,AHACP_84,"anterior hypothalamic area, central part",kept_for_review_or_manual_approval,255,103,0,
85,"anterior hypothalamic area, posterior part",AHAp,"anterior hypothalamic area, posterior part",manual_common_neuroanatomy,AHA posterior,high,pending_review,AHAPP_85,"anterior hypothalamic area, posterior part",kept_for_review_or_manual_approval,255,156,89,
86,amygdalohippocampal area,AHi,amygdalohippocampal area,manual_common_neuroanatomy,standard abbreviation for amygdalohippocampal area,high,pending_review,AA_86,amygdalohippocampal area,kept_for_review_or_manual_approval,233,46,0,
87,"amygdalohippocampal area, anterolateral part",AHiAL,"amygdalohippocampal area, anterolateral part",manual_common_neuroanatomy,standard derived abbreviation: AHi + anterolateral,high,pending_review,AAAP_87,"amygdalohippocampal area, anterolateral part",kept_for_review_or_manual_approval,255,49,0,
89,"amygdalohippocampal area, posterolateral",AHiPL,"amygdalohippocampal area, posterolateral",manual_common_neuroanatomy,standard derived abbreviation: AHi + posterolateral,high,pending_review,AAP_89,"amygdalohippocampal area, posterolateral",kept_for_review_or_manual_approval,255,194,178,
90,"agranular insular cortex, dorsal part",AID,"agranular insular cortex, dorsal part",paxinos_cortex_file_exact_id,Exact ID match in Paxinos_Watson_Labels_Cortex.txt: AID,official_local,pending_review,AID,"agranular insular cortex, dorsal part",kept_for_review_or_manual_approval,208,212,71,
91,"agranular insular cortex, posterior part",AIP,"agranular insular cortex, posterior part",paxinos_cortex_file_exact_id,Exact ID match in Paxinos_Watson_Labels_Cortex.txt: AIP,official_local,pending_review,AIP,"agranular insular cortex, posterior part",kept_for_review_or_manual_approval,216,223,0,
92,"agranular insular cortex, ventral part",AIV,"agranular insular cortex, ventral part",paxinos_cortex_file_exact_id,Exact ID match in Paxinos_Watson_Labels_Cortex.txt: AIV,official_local,pending_review,AIV,"agranular insular cortex, ventral part",kept_for_review_or_manual_approval,238,244,35,
94,anteromedial thalamic nucleus,AM,anteromedial thalamic nucleus,manual_common_neuroanatomy,standard thalamic abbreviation,high,pending_review,ATN_94,anteromedial thalamic nucleus,kept_for_review_or_manual_approval,207,121,0,
95,"anteromedial thalamic nucleus, ventral part",AMv,"anteromedial thalamic nucleus, ventral part",manual_common_neuroanatomy,AM ventral,high,pending_review,ATNVP_95,"anteromedial thalamic nucleus, ventral part",kept_for_review_or_manual_approval,255,149,0,
97,anterior olfactory nucleus,AON,anterior olfactory nucleus,manual_common_neuroanatomy,standard abbreviation,high,pending_review,AON_97,anterior olfactory nucleus,kept_for_review_or_manual_approval,184,233,0,
100,"anterior olfactory nucleus, external part",AOE,"anterior olfactory nucleus, external part",manual_common_neuroanatomy,AON external,high,pending_review,AONEP_100,"anterior olfactory nucleus, external part",kept_for_review_or_manual_approval,209,233,118,
101,"anterior olfactory nucleus, lateral part",AOL,"anterior olfactory nucleus, lateral part",manual_common_neuroanatomy,AON lateral,high,pending_review,AONLP_101,"anterior olfactory nucleus, lateral part",kept_for_review_or_manual_approval,226,255,118,
103,"anterior olfactory nucleus, posterior part",AOP,"anterior olfactory nucleus, posterior part",manual_common_neuroanatomy,AON posterior,high,pending_review,AONPP_103,"anterior olfactory nucleus, posterior part",kept_for_review_or_manual_approval,196,233,59,
105,"anterior olfactory nucleus, ventroposterior part",AOVP,"anterior olfactory nucleus, ventroposterior part",manual_common_neuroanatomy,AON ventroposterior,high,pending_review,AONVP_105,"anterior olfactory nucleus, ventroposterior part",kept_for_review_or_manual_approval,199,255,0,
106,area postrema,AP,area postrema,manual_common_neuroanatomy,standard abbreviation,high,pending_review,AP_106,area postrema,kept_for_review_or_manual_approval,0,169,223,
110,amygdalopiriform transition area,APir,amygdalopiriform transition area,manual_common_neuroanatomy,standard abbreviation for amygdalopiriform transition area,high,pending_review,ATA_110,amygdalopiriform transition area,kept_for_review_or_manual_approval,240,255,89,
114,anteroventral thalamic nucleus,AV,anteroventral thalamic nucleus,manual_common_neuroanatomy,standard thalamic abbreviation,high,pending_review,ATN_114,anteroventral thalamic nucleus,kept_for_review_or_manual_approval,223,133,0,
115,"anterovent thalamic nucleus, dorsomedial part",AVDM,"anteroventral thalamic nucleus, dorsomedial part",manual_common_neuroanatomy,AV dorsomedial; source name abbreviated,high,pending_review,ATNDP_115,"anterovent thalamic nucleus, dorsomedial part",kept_for_review_or_manual_approval,255,223,178,
117,anteroventral periventricular nucleus,AVPV,anteroventral periventricular nucleus,manual_common_neuroanatomy,standard abbreviation,high,pending_review,APN_117,anteroventral periventricular nucleus,kept_for_review_or_manual_approval,255,123,0,
118,"anteroventral thalamic nucleus, ventrolateral part",AVVL,"anteroventral thalamic nucleus, ventrolateral part",manual_common_neuroanatomy,AV ventrolateral,high,pending_review,ATNVP_118,"anteroventral thalamic nucleus, ventrolateral part",kept_for_review_or_manual_approval,255,152,0,
119,accumbens nucleus,Acb,accumbens nucleus,manual_common_neuroanatomy,common Paxinos-style abbreviation for nucleus accumbens,high,pending_review,AN_119,accumbens nucleus,kept_for_review_or_manual_approval,255,249,178,
120,"accumbens nucleus, core",AcbC,"accumbens nucleus, core",manual_common_neuroanatomy,Acb core,high,pending_review,ANC_120,"accumbens nucleus, core",kept_for_review_or_manual_approval,255,243,89,
122,"accumbens nucleus, shell",AcbSh,"accumbens nucleus, shell",manual_common_neuroanatomy,Acb shell,high,pending_review,ANS_122,"accumbens nucleus, shell",kept_for_review_or_manual_approval,233,218,0,
134,angular thalamic nucleus,Ang,angular thalamic nucleus,manual_common_neuroanatomy,common abbreviation,high,pending_review,ATN_134,angular thalamic nucleus,kept_for_review_or_manual_approval,212,183,107,
137,aqueduct,Aq,aqueduct,manual_common_neuroanatomy,standard abbreviation,high,pending_review,A_137,aqueduct,kept_for_review_or_manual_approval,223,0,69,
138,arcuate hypothalamic nucleus,Arc,arcuate hypothalamic nucleus,manual_common_neuroanatomy,common Paxinos-style abbreviation,high,pending_review,AHN_138,arcuate hypothalamic nucleus,kept_for_review_or_manual_approval,255,117,0,
139,"arcuate hypothalamic nucleus, dorsal part",ArcD,"arcuate hypothalamic nucleus, dorsal part",manual_common_neuroanatomy,Arc dorsal,high,pending_review,AHNDP_139,"arcuate hypothalamic nucleus, dorsal part",kept_for_review_or_manual_approval,255,213,178,
140,"arcuate hypothalamic nucleus, lateral part",ArcL,"arcuate hypothalamic nucleus, lateral part",manual_common_neuroanatomy,Arc lateral,high,pending_review,AHNLP_140,"arcuate hypothalamic nucleus, lateral part",kept_for_review_or_manual_approval,233,106,0,
141,"arcuate hypothalamic nucleus, lateroposterior part",ArcLP,"arcuate hypothalamic nucleus, lateroposterior part",manual_common_neuroanatomy,Arc lateroposterior,high,pending_review,AHNLP_141,"arcuate hypothalamic nucleus, lateroposterior part",kept_for_review_or_manual_approval,255,165,89,
142,"arcuate hypothalamic nucleus, medial part",ArcM,"arcuate hypothalamic nucleus, medial part",manual_common_neuroanatomy,Arc medial,high,pending_review,AHNMP_142,"arcuate hypothalamic nucleus, medial part",kept_for_review_or_manual_approval,233,155,89,
143,"arcuate hypothalamic nucleus, medial posterior part",ArcMP,"arcuate hypothalamic nucleus, medial posterior part",manual_common_neuroanatomy,Arc medial posterior,high,pending_review,AHNMPP_143,"arcuate hypothalamic nucleus, medial posterior part",kept_for_review_or_manual_approval,255,117,0,
146,primary auditory cortex,Au1,primary auditory cortex,paxinos_cortex_file_exact_id,Exact ID match in Paxinos_Watson_Labels_Cortex.txt: Au1,official_local,pending_review,Au1,primary auditory cortex,kept_for_review_or_manual_approval,255,251,0,
148,"secondary auditory cortex, dorsal area",AuD,"secondary auditory cortex, dorsal area",paxinos_cortex_file_exact_id,Exact ID match in Paxinos_Watson_Labels_Cortex.txt: AuD,official_local,pending_review,AuD,"secondary auditory cortex, dorsal area",kept_for_review_or_manual_approval,255,250,0,
149,"secondary auditory cortex, ventral area",AuV,"secondary auditory cortex, ventral area",paxinos_cortex_file_exact_id,Exact ID match in Paxinos_Watson_Labels_Cortex.txt: AuV,official_local,pending_review,AuV,"secondary auditory cortex, ventral area",kept_for_review_or_manual_approval,255,253,178,
150,basal nucleus (Meynert),B,basal nucleus (Meynert),manual_common_neuroanatomy,common Paxinos-style abbreviation,high,pending_review,BNM_150,basal nucleus (Meynert),kept_for_review_or_manual_approval,255,251,178,
153,bed nucleus of the anterior commissure,BAC,bed nucleus of the anterior commissure,manual_common_neuroanatomy,descriptive common abbreviation,high,pending_review,BNOTAC_153,bed nucleus of the anterior commissure,kept_for_review_or_manual_approval,212,69,0,
154,bed nucleus of the accessory olfactory tract,BAOT,bed nucleus of the accessory olfactory tract,manual_common_neuroanatomy,descriptive common abbreviation,high,pending_review,BNOTAO_154,bed nucleus of the accessory olfactory tract,kept_for_review_or_manual_approval,255,245,0,
157,basolateral amygdaloid nucleus,BLA,basolateral amygdaloid nucleus,manual_common_neuroanatomy,common abbreviation for basolateral amygdala/amygdaloid nucleus,high,pending_review,BAN_157,basolateral amygdaloid nucleus,kept_for_review_or_manual_approval,212,92,59,
158,"basolateral amygdaloid nucleus, anterior part",BLAa,"basolateral amygdaloid nucleus, anterior part",manual_common_neuroanatomy,BLA + anterior part,high,pending_review,BANAP_158,"basolateral amygdaloid nucleus, anterior part",kept_for_review_or_manual_approval,255,123,89,
159,"basolateral amygdaloid nucleus, posterior part",BLAp,"basolateral amygdaloid nucleus, posterior part",manual_common_neuroanatomy,BLA + posterior part,high,pending_review,BANPP_159,"basolateral amygdaloid nucleus, posterior part",kept_for_review_or_manual_approval,255,54,0,
160,"basolateral amygdaloid nucleus, ventral part",BLAv,"basolateral amygdaloid nucleus, ventral part",manual_common_neuroanatomy,BLA + ventral part,high,pending_review,BANVP_160,"basolateral amygdaloid nucleus, ventral part",kept_for_review_or_manual_approval,255,195,178,
162,"basomedial amygdaloid nucleus, anterior part",BMAa,"basomedial amygdaloid nucleus, anterior part",manual_common_neuroanatomy,BMA + anterior part,high,pending_review,BANAP_162,"basomedial amygdaloid nucleus, anterior part",kept_for_review_or_manual_approval,255,56,0,
163,"basomedial amygdaloid nucleus, posterior part",BMAp,"basomedial amygdaloid nucleus, posterior part",manual_common_neuroanatomy,BMA + posterior part,high,pending_review,BANPP_163,"basomedial amygdaloid nucleus, posterior part",kept_for_review_or_manual_approval,255,195,178,
164,Barrington's nucleus,Bar,Barrington's nucleus,manual_common_neuroanatomy,standard abbreviation,high,pending_review,BSN_164,Barrington's nucleus,kept_for_review_or_manual_approval,25,174,223,
166,whole brain,root,whole brain,paxinos_raw_broad_structure,root/whole-brain label,high,pending_review,WB_166,whole brain,kept_for_review_or_manual_approval,102,102,102,
171,hippocampus proper,CA,hippocampus proper,manual_common_neuroanatomy,common abbreviation for Ammon horn/CA fields,high,pending_review,HP_171,hippocampus proper,kept_for_review_or_manual_approval,245,255,178,
172,field CA1 of the hippocampus,CA1,field CA1 of the hippocampus,manual_common_neuroanatomy,standard CA field,high,pending_review,FCOTH_172,field CA1 of the hippocampus,kept_for_review_or_manual_approval,188,212,0,
174,field CA3 of the hippocampus,CA3,field CA3 of the hippocampus,manual_common_neuroanatomy,standard CA field,high,pending_review,FCOTH_174,field CA3 of the hippocampus,kept_for_review_or_manual_approval,213,233,59,
176,cell bridges of the ventral striatum,CB,cell bridges of the ventral striatum,manual_common_neuroanatomy,descriptive abbreviation,high,pending_review,CBOTVS_176,cell bridges of the ventral striatum,kept_for_review_or_manual_approval,255,240,0,
177,central canal,cc,central canal,manual_common_neuroanatomy,"standard abbreviation, review case",high,pending_review,CC_177,central canal,kept_for_review_or_manual_approval,255,178,200,
186,central nucleus of the inferior colliculus,CIC,central nucleus of the inferior colliculus,manual_common_neuroanatomy,standard abbreviation,high,pending_review,CNOTIC_186,central nucleus of the inferior colliculus,kept_for_review_or_manual_approval,178,191,255,
187,centrolateral thalamic nucleus,CL,centrolateral thalamic nucleus,manual_common_neuroanatomy,standard thalamic abbreviation,high,pending_review,CTN_187,centrolateral thalamic nucleus,kept_for_review_or_manual_approval,255,189,89,
188,caudal linear nucleus of the raphe,CLi,caudal linear nucleus of the raphe,manual_common_neuroanatomy,standard abbreviation,high,pending_review,CLNOTR_188,caudal linear nucleus of the raphe,kept_for_review_or_manual_approval,118,223,204,
189,central medial thalamic nucleus,CM,central medial thalamic nucleus,manual_common_neuroanatomy,standard thalamic abbreviation,high,pending_review,CMTN_189,central medial thalamic nucleus,kept_for_review_or_manual_approval,255,154,0,
191,caudate putamen (striatum),CPu,caudate putamen (striatum),manual_common_neuroanatomy,common Paxinos-style abbreviation for caudate putamen,high,pending_review,CPS_191,caudate putamen (striatum),kept_for_review_or_manual_approval,255,236,0,
192,nucleus of the commissural stria terminalis,CST,nucleus of the commissural stria terminalis,manual_common_neuroanatomy,common abbreviation for commissural stria terminalis nucleus,high,pending_review,NOTCST_192,nucleus of the commissural stria terminalis,kept_for_review_or_manual_approval,44,255,0,
194,cerebellum,CB_194,cerebellum,manual_common_neuroanatomy,standard broad abbreviation,high,pending_review,C_194,cerebellum,kept_for_review_or_manual_approval,0,203,48,Acronym CB duplicated with label_id 176; suffixed with label_id for uniqueness.
195,central amygdaloid nucleus,CeA,central amygdaloid nucleus,manual_common_neuroanatomy,common abbreviation for central amygdala/amygdaloid nucleus,high,pending_review,CAN_195,central amygdaloid nucleus,kept_for_review_or_manual_approval,255,106,59,
196,"central amygdaloid nucleus, capsular part",CeC,"central amygdaloid nucleus, capsular part",manual_common_neuroanatomy,common abbreviation for central amygdala capsular part,high,pending_review,CANCP_196,"central amygdaloid nucleus, capsular part",kept_for_review_or_manual_approval,255,60,0,
198,"central amygdaloid nucleus, lateral division",CeL,"central amygdaloid nucleus, lateral division",manual_common_neuroanatomy,common abbreviation for central amygdala lateral division,high,pending_review,CANLD_198,"central amygdaloid nucleus, lateral division",kept_for_review_or_manual_approval,255,196,178,
199,"central amygdaloid nucleus, medial division",CeM,"central amygdaloid nucleus, medial division",manual_common_neuroanatomy,common abbreviation for central amygdala medial division,high,pending_review,CANMD_199,"central amygdaloid nucleus, medial division",kept_for_review_or_manual_approval,255,129,89,
200,"cingulate cortex, area 1",Cg1,"cingulate cortex, area 1",paxinos_cortex_file_exact_id,Exact ID match in Paxinos_Watson_Labels_Cortex.txt: Cg1,official_local,pending_review,Cg1,"cingulate cortex, area 1",kept_for_review_or_manual_approval,241,244,142,
201,"cingulate cortex, area 2",Cg2,"cingulate cortex, area 2",paxinos_cortex_file_exact_id,Exact ID match in Paxinos_Watson_Labels_Cortex.txt: Cg2,official_local,pending_review,Cg2,"cingulate cortex, area 2",kept_for_review_or_manual_approval,219,223,107,
203,claustrum,Cl,claustrum,manual_common_neuroanatomy,common abbreviation,high,pending_review,C_203,claustrum,kept_for_review_or_manual_approval,255,234,89,
204,cuneiform nucleus,CnF,cuneiform nucleus,manual_common_neuroanatomy,standard abbreviation,high,pending_review,CN_204,cuneiform nucleus,kept_for_review_or_manual_approval,0,207,255,
205,"cuneiform nucleus, dorsal part",CnFD,"cuneiform nucleus, dorsal part",manual_common_neuroanatomy,CnF dorsal,high,pending_review,CNDP_205,"cuneiform nucleus, dorsal part",kept_for_review_or_manual_approval,0,208,255,
206,"cuneiform nucleus, intermediate part",CnFI,"cuneiform nucleus, intermediate part",manual_common_neuroanatomy,CnF intermediate,high,pending_review,CNIP_206,"cuneiform nucleus, intermediate part",kept_for_review_or_manual_approval,178,240,255,
207,"cuneiform nucleus, ventral part",CnFV,"cuneiform nucleus, ventral part",manual_common_neuroanatomy,CnF ventral,high,pending_review,CNVP_207,"cuneiform nucleus, ventral part",kept_for_review_or_manual_approval,89,223,255,
213,cuneate nucleus,Cu,cuneate nucleus,manual_common_neuroanatomy,standard abbreviation,high,pending_review,CN_213,cuneate nucleus,kept_for_review_or_manual_approval,89,255,144,
215,cerebral cortex,CTX,cerebral cortex,manual_common_neuroanatomy,Allen-style broad abbreviation,high,pending_review,CC_215,cerebral cortex,kept_for_review_or_manual_approval,251,255,178,
216,cortex-amygdala transition zone,CxA,cortex-amygdala transition zone,manual_common_neuroanatomy,standard abbreviation for cortex-amygdala transition zone,high,pending_review,CATZ_216,cortex-amygdala transition zone,kept_for_review_or_manual_approval,212,223,0,
221,dorsal 3rd ventricle,D3V,dorsal 3rd ventricle,manual_common_neuroanatomy,standard derived abbreviation,high,pending_review,D3V_221,dorsal 3rd ventricle,kept_for_review_or_manual_approval,255,89,184,
222,dorsal hypothalamic area,DHA,dorsal hypothalamic area,manual_common_neuroanatomy,standard abbreviation,high,pending_review,DHA_222,dorsal hypothalamic area,kept_for_review_or_manual_approval,255,127,0,
227,dorsal cortex of the inferior colliculus,DCIC,dorsal cortex of the inferior colliculus,manual_common_neuroanatomy,standard abbreviation,high,pending_review,DCOTIC_227,dorsal cortex of the inferior colliculus,kept_for_review_or_manual_approval,89,116,255,
229,dorsal part of claustrum,DCl,dorsal part of claustrum,manual_common_neuroanatomy,dorsal claustrum,high,pending_review,DPOC_229,dorsal part of claustrum,kept_for_review_or_manual_approval,255,222,0,
230,dorsal endopiriform nucleus,DEn,dorsal endopiriform nucleus,manual_common_neuroanatomy,common abbreviation,high,pending_review,DEN_230,dorsal endopiriform nucleus,kept_for_review_or_manual_approval,224,233,89,
231,dentate gyrus,DG,dentate gyrus,manual_common_neuroanatomy,standard abbreviation,high,pending_review,DG_231,dentate gyrus,kept_for_review_or_manual_approval,221,255,0,
232,dysgranular insular cortex,DI,dysgranular insular cortex,paxinos_cortex_file_exact_id,Exact ID match in Paxinos_Watson_Labels_Cortex.txt: DI,official_local,pending_review,DI,dysgranular insular cortex,kept_for_review_or_manual_approval,196,201,35,
235,dorsal lateral geniculate nucleus,DLG,dorsal lateral geniculate nucleus,manual_common_neuroanatomy,common Paxinos-style abbreviation,high,pending_review,DLGN_235,dorsal lateral geniculate nucleus,kept_for_review_or_manual_approval,255,204,71,
237,dorsolateral orbital cortex,DLO,dorsolateral orbital cortex,paxinos_cortex_file_exact_id,Exact ID match in Paxinos_Watson_Labels_Cortex.txt: DLO,official_local,pending_review,DLO,dorsolateral orbital cortex,kept_for_review_or_manual_approval,217,223,35,
238,dorsolateral periaqueductal gray,DLPAG,dorsolateral periaqueductal gray,manual_common_neuroanatomy,standard subdivision abbreviation,high,pending_review,DPG_238,dorsolateral periaqueductal gray,kept_for_review_or_manual_approval,178,181,255,
240,dorsomedial hypothalamic nucleus,DMH,dorsomedial hypothalamic nucleus,manual_common_neuroanatomy,common abbreviation,high,pending_review,DHN_240,dorsomedial hypothalamic nucleus,kept_for_review_or_manual_approval,255,148,89,
241,"dorsomedial hypothalamic nucleus, compact part",DMHc,"dorsomedial hypothalamic nucleus, compact part",manual_common_neuroanatomy,DMH compact,high,pending_review,DHNCP_241,"dorsomedial hypothalamic nucleus, compact part",kept_for_review_or_manual_approval,255,89,0,
242,"dorsomedial hypothalamic nucleus, dorsal part",DMHd,"dorsomedial hypothalamic nucleus, dorsal part",manual_common_neuroanatomy,DMH dorsal,high,pending_review,DHNDP_242,"dorsomedial hypothalamic nucleus, dorsal part",kept_for_review_or_manual_approval,255,206,178,
244,dorsomedial periaqueductal gray,DMPAG,dorsomedial periaqueductal gray,manual_common_neuroanatomy,standard subdivision abbreviation,high,pending_review,DPG_244,dorsomedial periaqueductal gray,kept_for_review_or_manual_approval,59,64,255,
249,"dorsomedial hypothalamic nucleus, ventral part",DMHv,"dorsomedial hypothalamic nucleus, ventral part",manual_common_neuroanatomy,DMH ventral,high,pending_review,DHNVP_249,"dorsomedial hypothalamic nucleus, ventral part",kept_for_review_or_manual_approval,255,105,0,
254,dorsal raphe nucleus,DR,dorsal raphe nucleus,manual_common_neuroanatomy,standard abbreviation,high,pending_review,DRN_254,dorsal raphe nucleus,kept_for_review_or_manual_approval,0,255,204,
256,"dorsal raphe nucleus, caudal part",DRC,"dorsal raphe nucleus, caudal part",manual_common_neuroanatomy,DR caudal,high,pending_review,DRNCP_256,"dorsal raphe nucleus, caudal part",kept_for_review_or_manual_approval,178,255,239,
257,"dorsal raphe nucleus, dorsal part",DRD,"dorsal raphe nucleus, dorsal part",manual_common_neuroanatomy,DR dorsal,high,pending_review,DRNDP_257,"dorsal raphe nucleus, dorsal part",kept_for_review_or_manual_approval,89,233,204,
258,"dorsal raphe, interfascicular part",DRI,"dorsal raphe, interfascicular part",manual_common_neuroanatomy,DR interfascicular,high,pending_review,DRIP_258,"dorsal raphe, interfascicular part",kept_for_review_or_manual_approval,0,233,186,
259,"dorsal raphe nucleus, lateral part",DRL,"dorsal raphe nucleus, lateral part",manual_common_neuroanatomy,DR lateral,high,pending_review,DRNLP_259,"dorsal raphe nucleus, lateral part",kept_for_review_or_manual_approval,89,255,222,
260,"dorsal raphe nucleus, ventral part",DRV,"dorsal raphe nucleus, ventral part",manual_common_neuroanatomy,DR ventral,high,pending_review,DRNVP_260,"dorsal raphe nucleus, ventral part",kept_for_review_or_manual_approval,0,255,206,
261,dorsal subiculum,DS,dorsal subiculum,manual_common_neuroanatomy,dorsal subiculum,high,pending_review,DS_261,dorsal subiculum,kept_for_review_or_manual_approval,211,255,0,
263,dorsal tuberomammillary nucleus,TMd,dorsal tuberomammillary nucleus,manual_common_neuroanatomy,tuberomammillary dorsal,high,pending_review,DTN_263,dorsal tuberomammillary nucleus,kept_for_review_or_manual_approval,255,215,178,
273,Diencephalon,DIEN,Diencephalon,manual_common_neuroanatomy,broad diencephalon abbreviation,high,pending_review,D_273,Diencephalon,kept_for_review_or_manual_approval,255,126,0,
281,sublenticular extended amygdala,SLEA,sublenticular extended amygdala,manual_common_neuroanatomy,descriptive standard abbreviation,high,pending_review,SEA_281,sublenticular extended amygdala,kept_for_review_or_manual_approval,233,148,118,
282,"sublenticular extended amygdala, central part",SLEAc,"sublenticular extended amygdala, central part",manual_common_neuroanatomy,SLEA + central,high,pending_review,SEACP_282,"sublenticular extended amygdala, central part",kept_for_review_or_manual_approval,255,197,178,
283,"sublenticular extended amygdala, medial part",SLEAm,"sublenticular extended amygdala, medial part",manual_common_neuroanatomy,SLEA + medial,high,pending_review,SEAMP_283,"sublenticular extended amygdala, medial part",kept_for_review_or_manual_approval,255,65,0,
284,external cortex of the inferior colliculus,ECIC,external cortex of the inferior colliculus,manual_common_neuroanatomy,standard abbreviation,high,pending_review,ECOTIC_284,external cortex of the inferior colliculus,kept_for_review_or_manual_approval,0,53,255,
293,entopeduncular nucleus,EP,entopeduncular nucleus,manual_common_neuroanatomy,standard abbreviation,high,pending_review,EN_293,entopeduncular nucleus,kept_for_review_or_manual_approval,125,83,229,
294,external plexiform layer of the olfactory bulb,EPl,external plexiform layer of the olfactory bulb,manual_common_neuroanatomy,external plexiform layer,high,pending_review,EPLOTO_294,external plexiform layer of the olfactory bulb,kept_for_review_or_manual_approval,216,255,89,
295,external plexiform layer of the accessory olfactory bulb,AOBEPl,external plexiform layer of the accessory olfactory bulb,manual_common_neuroanatomy,AOB external plexiform layer,high,pending_review,EPLOTA_295,external plexiform layer of the accessory olfactory bulb,kept_for_review_or_manual_approval,198,255,0,
307,fasciola cinereum,FC,fasciola cinereum,manual_common_neuroanatomy,standard abbreviation,high,pending_review,FC_307,fasciola cinereum,kept_for_review_or_manual_approval,218,255,0,
311,"frontal cortex, area 3",Fr3,"frontal cortex, area 3",paxinos_cortex_file_exact_id,Exact ID match in Paxinos_Watson_Labels_Cortex.txt: Fr3,official_local,pending_review,Fr3,"frontal cortex, area 3",kept_for_review_or_manual_approval,229,233,107,
312,frontal assocn cortex,FrA,frontal association cortex,paxinos_cortex_file_exact_id,Exact ID match in Paxinos_Watson_Labels_Cortex.txt: FrA,official_local,pending_review,FrA,frontal assocn cortex,kept_for_review_or_manual_approval,123,71,250,
313,"bed nucleus of stria terminalis, fusiform part",BSTFU,"bed nucleus of stria terminalis, fusiform part",manual_common_neuroanatomy,common derived abbreviation: BST fusiform part,high,pending_review,BNOSTF_313,"bed nucleus of stria terminalis, fusiform part",kept_for_review_or_manual_approval,73,11,220,
314,granular insular cortex,GI,granular insular cortex,paxinos_cortex_file_exact_id,Exact ID match in Paxinos_Watson_Labels_Cortex.txt: GI,official_local,pending_review,GI,granular insular cortex,kept_for_review_or_manual_approval,195,201,0,
315,globus pallidus,GP,globus pallidus,manual_common_neuroanatomy,standard abbreviation,high,pending_review,GP_315,globus pallidus,kept_for_review_or_manual_approval,255,248,178,
316,gemini hypothalamic nucleus,Gem,gemini hypothalamic nucleus,manual_common_neuroanatomy,common abbreviation,high,pending_review,GHN_316,gemini hypothalamic nucleus,kept_for_review_or_manual_approval,59,0,203,
320,glomerular layer of the olfactory bulb,Gl,glomerular layer of the olfactory bulb,manual_common_neuroanatomy,glomerular layer,high,pending_review,GLOTOB_320,glomerular layer of the olfactory bulb,kept_for_review_or_manual_approval,199,233,89,
321,glomerular layer of the accessory olfactory bulb,AOBGl,glomerular layer of the accessory olfactory bulb,manual_common_neuroanatomy,AOB glomerular layer,high,pending_review,GLOTAO_321,glomerular layer of the accessory olfactory bulb,kept_for_review_or_manual_approval,217,255,89,
322,gracile nucleus,Gr,gracile nucleus,manual_common_neuroanatomy,standard abbreviation,high,pending_review,GN_322,gracile nucleus,kept_for_review_or_manual_approval,44,223,132,
323,granule cell layer of the accessory olfactory bulb,AOBGr,granule cell layer of the accessory olfactory bulb,manual_common_neuroanatomy,AOB granule cell layer,high,pending_review,GCLOTA_323,granule cell layer of the accessory olfactory bulb,kept_for_review_or_manual_approval,172,223,0,
326,granular layer of the dentate gyrus,GCL,granular layer of the dentate gyrus,manual_common_neuroanatomy,granule cell layer,high,pending_review,GLOTDG_326,granular layer of the dentate gyrus,kept_for_review_or_manual_approval,222,255,0,
327,granular cell layer of the olfactory bulb,GrO,granular cell layer of the olfactory bulb,manual_common_neuroanatomy,granular cell layer olfactory bulb,high,pending_review,GCLOTO_327,granular cell layer of the olfactory bulb,kept_for_review_or_manual_approval,236,255,178,
328,hindbrain,HB,hindbrain,manual_common_neuroanatomy,broad division abbreviation,high,pending_review,H_328,hindbrain,kept_for_review_or_manual_approval,118,255,212,
329,nucleus of the horizontal limb of the diagonal band,HDB,nucleus of the horizontal limb of the diagonal band,manual_common_neuroanatomy,common abbreviation for horizontal diagonal band,high,pending_review,NOTHLO_329,nucleus of the horizontal limb of the diagonal band,kept_for_review_or_manual_approval,131,233,0,
330,hippocampus,HP,hippocampus,manual_common_neuroanatomy,common broad abbreviation,high,pending_review,H_330,hippocampus,kept_for_review_or_manual_approval,244,255,178,
331,hippocampal formation,HPF,hippocampal formation,manual_common_neuroanatomy,common abbreviation,high,pending_review,HF_331,hippocampal formation,kept_for_review_or_manual_approval,233,255,118,
332,hypothalamus,HY,hypothalamus,manual_common_neuroanatomy,Allen-style broad hypothalamus abbreviation,high,pending_review,H_332,hypothalamus,kept_for_review_or_manual_approval,255,110,0,
333,intercalated nuclei of the amygdala,I,intercalated nuclei of the amygdala,manual_common_neuroanatomy,common Paxinos-style abbreviation for intercalated amygdala nuclei,high,pending_review,INOTA_333,intercalated nuclei of the amygdala,kept_for_review_or_manual_approval,255,198,178,
336,interanterodorsal thalamic nucleus,IAD,interanterodorsal thalamic nucleus,manual_common_neuroanatomy,standard abbreviation,high,pending_review,ITN_336,interanterodorsal thalamic nucleus,kept_for_review_or_manual_approval,212,154,0,
337,interanteromedial thalamic nucleus,IAM,interanteromedial thalamic nucleus,manual_common_neuroanatomy,standard abbreviation,high,pending_review,ITN_337,interanteromedial thalamic nucleus,kept_for_review_or_manual_approval,223,172,35,
339,inferior colliculus,IC,inferior colliculus,manual_common_neuroanatomy,standard abbreviation,high,pending_review,IC_339,inferior colliculus,kept_for_review_or_manual_approval,0,48,255,
343,intermediate endopiriform nucleus,IEn,intermediate endopiriform nucleus,manual_common_neuroanatomy,common abbreviation,high,pending_review,IEN_343,intermediate endopiriform nucleus,kept_for_review_or_manual_approval,95,35,237,
345,indusium griseum,IG,indusium griseum,manual_common_neuroanatomy,standard abbreviation,high,pending_review,IG_345,indusium griseum,kept_for_review_or_manual_approval,178,255,0,
346,intergeniculate leaf,IGL,intergeniculate leaf,manual_common_neuroanatomy,standard abbreviation,high,pending_review,IL_346,intergeniculate leaf,kept_for_review_or_manual_approval,223,181,71,
348,infralimbic cortex,IL,infralimbic cortex,paxinos_cortex_file_exact_id,Exact ID match in Paxinos_Watson_Labels_Cortex.txt: IL,official_local,pending_review,IL,infralimbic cortex,kept_for_review_or_manual_approval,247,255,35,
350,"intercalated amygdaloid nucleus, main part",I_350,"intercalated amygdaloid nucleus, main part",manual_common_neuroanatomy,common Paxinos-style abbreviation for intercalated amygdala nucleus,high,pending_review,IANMP_350,"intercalated amygdaloid nucleus, main part",kept_for_review_or_manual_approval,255,67,0,Acronym I duplicated with label_id 333; suffixed with label_id for uniqueness.
351,intramedullary thalamic area,IMD,intramedullary thalamic area,manual_common_neuroanatomy,standard-derived abbreviation,high,pending_review,ITA_351,intramedullary thalamic area,kept_for_review_or_manual_approval,223,201,142,
352,intermediodorsal thalamic nucleus,IMD_352,intermediodorsal thalamic nucleus,manual_common_neuroanatomy,"standard thalamic abbreviation, review duplicate",high,pending_review,ITN_352,intermediodorsal thalamic nucleus,kept_for_review_or_manual_approval,212,193,142,Acronym IMD duplicated with label_id 351; suffixed with label_id for uniqueness.
354,inferior olivary nucleus,IO,inferior olivary nucleus,manual_common_neuroanatomy,standard abbreviation,high,pending_review,ION_354,inferior olivary nucleus,kept_for_review_or_manual_approval,178,255,228,
364,"inferior olive, principal nucleus",IOPr,"inferior olive, principal nucleus",manual_common_neuroanatomy,inferior olive principal nucleus,high,pending_review,IOPN_364,"inferior olive, principal nucleus",kept_for_review_or_manual_approval,178,255,228,
399,intralaminar thalamic nuclei,ILM,intralaminar thalamic nuclei,manual_common_neuroanatomy,descriptive abbreviation,high,pending_review,ITN_399,intralaminar thalamic nuclei,kept_for_review_or_manual_approval,239,180,89,
401,juxtaparaventricular part of lateral hypothalamus,JPLH,juxtaparaventricular part of lateral hypothalamus,manual_common_neuroanatomy,descriptive abbreviation,high,pending_review,JPOLH_401,juxtaparaventricular part of lateral hypothalamus,kept_for_review_or_manual_approval,58,0,191,
403,Kolliker-Fuse nucleus,KF,Kolliker-Fuse nucleus,manual_common_neuroanatomy,standard abbreviation,high,pending_review,KFN_403,Kolliker-Fuse nucleus,kept_for_review_or_manual_approval,89,255,183,
405,lateroanterior hypothalamic nucleus,LA,lateroanterior hypothalamic nucleus,manual_common_neuroanatomy,"lateroanterior hypothalamic nucleus, review acronym conflict with lateral amygdala",high,pending_review,LHN_405,lateroanterior hypothalamic nucleus,kept_for_review_or_manual_approval,202,178,255,
407,locus coeruleus,LC,locus coeruleus,manual_common_neuroanatomy,standard abbreviation,high,pending_review,LC_407,locus coeruleus,kept_for_review_or_manual_approval,101,186,215,
408,laterodorsal thalamic nucleus,LD,laterodorsal thalamic nucleus,manual_common_neuroanatomy,standard abbreviation,high,pending_review,LTN_408,laterodorsal thalamic nucleus,kept_for_review_or_manual_approval,223,155,44,
409,"laterodorsal thalamic nucleus, dorsomedial part",LDDM,"laterodorsal thalamic nucleus, dorsomedial part",manual_common_neuroanatomy,LD dorsomedial,high,pending_review,LTNDP_409,"laterodorsal thalamic nucleus, dorsomedial part",kept_for_review_or_manual_approval,255,225,178,
410,laterodorsal tegmental nucleus,LDTg,laterodorsal tegmental nucleus,manual_common_neuroanatomy,standard abbreviation,high,pending_review,LTN_410,laterodorsal tegmental nucleus,kept_for_review_or_manual_approval,0,255,251,
411,"laterodorsal tegmental nucleus, ventral part",LDTgV,"laterodorsal tegmental nucleus, ventral part",manual_common_neuroanatomy,LDTg ventral,high,pending_review,LTNVP_411,"laterodorsal tegmental nucleus, ventral part",kept_for_review_or_manual_approval,0,255,251,
412,"laterodorsal thalamic nucleus, ventrolateral part",LDVL,"laterodorsal thalamic nucleus, ventrolateral part",manual_common_neuroanatomy,LD ventrolateral,high,pending_review,LTNVP_412,"laterodorsal thalamic nucleus, ventrolateral part",kept_for_review_or_manual_approval,255,158,0,
414,lateral mammillary nucleus,LM,lateral mammillary nucleus,manual_common_neuroanatomy,standard abbreviation,high,pending_review,LMN_414,lateral mammillary nucleus,kept_for_review_or_manual_approval,212,94,0,
415,lacunosum moleculare layer of the hippocampus,SLM,lacunosum moleculare layer of the hippocampus,manual_common_neuroanatomy,stratum lacunosum-moleculare,high,pending_review,LMLOTH_415,lacunosum moleculare layer of the hippocampus,kept_for_review_or_manual_approval,245,255,178,
416,lateral orbital cortex,LO,lateral orbital cortex,paxinos_cortex_file_exact_id,Exact ID match in Paxinos_Watson_Labels_Cortex.txt: LO,official_local,pending_review,LO,lateral orbital cortex,kept_for_review_or_manual_approval,239,244,107,
417,nucleus of the lateral olfactory tract,LOT,nucleus of the lateral olfactory tract,manual_common_neuroanatomy,standard abbreviation,high,pending_review,NOTLOT_417,nucleus of the lateral olfactory tract,kept_for_review_or_manual_approval,245,255,89,
422,lateral posterior thalamic nucleus,LP,lateral posterior thalamic nucleus,manual_common_neuroanatomy,standard abbreviation,high,pending_review,LPTN_422,lateral posterior thalamic nucleus,kept_for_review_or_manual_approval,255,210,133,
423,lateral periaqueductal gray,LPAG,lateral periaqueductal gray,manual_common_neuroanatomy,standard subdivision abbreviation,high,pending_review,LPG_423,lateral periaqueductal gray,kept_for_review_or_manual_approval,0,3,255,
424,lateral parabrachial nucleus,LPB,lateral parabrachial nucleus,manual_common_neuroanatomy,standard abbreviation,high,pending_review,LPN_424,lateral parabrachial nucleus,kept_for_review_or_manual_approval,0,255,135,
425,"lateral parabrachial nucleus, central part",LPBC,"lateral parabrachial nucleus, central part",manual_common_neuroanatomy,LPB central,high,pending_review,LPNCP_425,"lateral parabrachial nucleus, central part",kept_for_review_or_manual_approval,118,255,190,
426,"lateral parabrachial nucleus, crescent part",LPBCr,"lateral parabrachial nucleus, crescent part",manual_common_neuroanatomy,LPB crescent,high,pending_review,LPNCP_426,"lateral parabrachial nucleus, crescent part",kept_for_review_or_manual_approval,0,233,122,
427,"lateral parabrachial nucleus, dorsal part",LPBD,"lateral parabrachial nucleus, dorsal part",manual_common_neuroanatomy,LPB dorsal,high,pending_review,LPNDP_427,"lateral parabrachial nucleus, dorsal part",kept_for_review_or_manual_approval,118,233,179,
428,"lateral parabrachial nucleus, external part",LPBE,"lateral parabrachial nucleus, external part",manual_common_neuroanatomy,LPB external,high,pending_review,LPNEP_428,"lateral parabrachial nucleus, external part",kept_for_review_or_manual_approval,0,255,135,
429,"lateral parabrachial nucleus, internal part",LPBI,"lateral parabrachial nucleus, internal part",manual_common_neuroanatomy,LPB internal,high,pending_review,LPNIP_429,"lateral parabrachial nucleus, internal part",kept_for_review_or_manual_approval,178,255,219,
430,"lateral parabrachial nucleus, superior part",LPBS,"lateral parabrachial nucleus, superior part",manual_common_neuroanatomy,LPB superior,high,pending_review,LPNSP_430,"lateral parabrachial nucleus, superior part",kept_for_review_or_manual_approval,59,233,152,
431,"lateral parabrachial nucleus, ventral part",LPBV,"lateral parabrachial nucleus, ventral part",manual_common_neuroanatomy,LPB ventral,high,pending_review,LPNVP_431,"lateral parabrachial nucleus, ventral part",kept_for_review_or_manual_approval,59,255,164,
435,"lateral posterior thalamic nucleus, laterocaudal part",LPLC,"lateral posterior thalamic nucleus, laterocaudal part",manual_common_neuroanatomy,LP laterocaudal,high,pending_review,LPTNLP_435,"lateral posterior thalamic nucleus, laterocaudal part",kept_for_review_or_manual_approval,255,226,178,
436,"lateral posterior thalamic nucleus, laterorostral part",LPLR,"lateral posterior thalamic nucleus, laterorostral part",manual_common_neuroanatomy,LP laterorostral,high,pending_review,LPTNLP_436,"lateral posterior thalamic nucleus, laterorostral part",kept_for_review_or_manual_approval,255,160,0,
437,"lateral posterior thalamic nucleus, mediocaudal part",LPMC,"lateral posterior thalamic nucleus, mediocaudal part",manual_common_neuroanatomy,LP mediocaudal,high,pending_review,LPTNMP_437,"lateral posterior thalamic nucleus, mediocaudal part",kept_for_review_or_manual_approval,255,193,89,
438,"lateral posterior thalamic nucleus, mediorostral part",LPMR,"lateral posterior thalamic nucleus, mediorostral part",manual_common_neuroanatomy,LP mediorostral,high,pending_review,LPTNMP_438,"lateral posterior thalamic nucleus, mediorostral part",kept_for_review_or_manual_approval,223,141,0,
439,lateral preoptic area,LPO,lateral preoptic area,manual_common_neuroanatomy,standard abbreviation,high,pending_review,LPA_439,lateral preoptic area,kept_for_review_or_manual_approval,233,91,0,
440,lateral parietal association cortex,LPtA,lateral parietal association cortex,paxinos_cortex_file_exact_id,Exact ID match in Paxinos_Watson_Labels_Cortex.txt: LPtA,official_local,pending_review,LPtA,lateral parietal association cortex,kept_for_review_or_manual_approval,225,233,0,
445,lateral septal nucleus,LS,lateral septal nucleus,manual_common_neuroanatomy,common abbreviation for lateral septal nucleus,high,pending_review,LSN_445,lateral septal nucleus,kept_for_review_or_manual_approval,149,255,0,
446,"lateral septal nucleus, dorsal part",LSD,"lateral septal nucleus, dorsal part",manual_common_neuroanatomy,common abbreviation for lateral septum dorsal,high,pending_review,LSNDP_446,"lateral septal nucleus, dorsal part",kept_for_review_or_manual_approval,222,255,178,
447,"lateral septal nucleus, intermediate part",LSI,"lateral septal nucleus, intermediate part",manual_common_neuroanatomy,common abbreviation for lateral septum intermediate,high,pending_review,LSNIP_447,"lateral septal nucleus, intermediate part",kept_for_review_or_manual_approval,151,255,0,
453,lateral stripe of the striatum,LSS,lateral stripe of the striatum,manual_common_neuroanatomy,descriptive abbreviation,high,pending_review,LSOTS_453,lateral stripe of the striatum,kept_for_review_or_manual_approval,143,107,225,
454,"lateral septal nucleus, ventral part",LSV,"lateral septal nucleus, ventral part",manual_common_neuroanatomy,common abbreviation for lateral septum ventral,high,pending_review,LSNVP_454,"lateral septal nucleus, ventral part",kept_for_review_or_manual_approval,146,255,0,
457,lateral ventricle,LV,lateral ventricle,manual_common_neuroanatomy,standard abbreviation,high,pending_review,LV_457,lateral ventricle,kept_for_review_or_manual_approval,255,0,93,
461,lat amygdaloid nucleus,LA_461,lat amygdaloid nucleus,manual_common_neuroanatomy,common abbreviation for lateral amygdala/amygdaloid nucleus,high,pending_review,LAN_461,lat amygdaloid nucleus,kept_for_review_or_manual_approval,212,59,0,Acronym LA duplicated with label_id 405; suffixed with label_id for uniqueness.
462,"lateral amygdaloid nucleus, dorsolateral part",LAdl,"lateral amygdaloid nucleus, dorsolateral part",manual_common_neuroanatomy,LA + dorsolateral,high,pending_review,LANDP_462,"lateral amygdaloid nucleus, dorsolateral part",kept_for_review_or_manual_approval,255,70,0,
463,"lateral amygdaloid nucleus, ventrolateral part",LAvl,"lateral amygdaloid nucleus, ventrolateral part",manual_common_neuroanatomy,LA + ventrolateral,high,pending_review,LANVP_463,"lateral amygdaloid nucleus, ventrolateral part",kept_for_review_or_manual_approval,255,135,89,
464,"lateral amygdaloid nucleus, ventromedial part",LAvm,"lateral amygdaloid nucleus, ventromedial part",manual_common_neuroanatomy,LA + ventromedial,high,pending_review,LANVP_464,"lateral amygdaloid nucleus, ventromedial part",kept_for_review_or_manual_approval,255,200,178,
470,primary motor cortex,M1,primary motor cortex,paxinos_cortex_file_exact_id,Exact ID match in Paxinos_Watson_Labels_Cortex.txt: M1,official_local,pending_review,M1,primary motor cortex,kept_for_review_or_manual_approval,251,255,142,
471,secondary motor cortex,M2,secondary motor cortex,paxinos_cortex_file_exact_id,Exact ID match in Paxinos_Watson_Labels_Cortex.txt: M2,official_local,pending_review,M2,secondary motor cortex,kept_for_review_or_manual_approval,226,233,35,
473,midbrain,MB,midbrain,manual_common_neuroanatomy,broad division abbreviation,high,pending_review,M_473,midbrain,kept_for_review_or_manual_approval,0,22,239,
474,magnocellular nucleus of the lateral hypothalamus,MCLH,magnocellular nucleus of the lateral hypothalamus,manual_common_neuroanatomy,descriptive abbreviation,high,pending_review,MNOTLH_474,magnocellular nucleus of the lateral hypothalamus,kept_for_review_or_manual_approval,255,94,0,
476,magnocellular preoptic nucleus,MCPO,magnocellular preoptic nucleus,manual_common_neuroanatomy,standard abbreviation,high,pending_review,MPN_476,magnocellular preoptic nucleus,kept_for_review_or_manual_approval,233,145,89,
477,mediodorsal thalamic nucleus,MD,mediodorsal thalamic nucleus,manual_common_neuroanatomy,standard abbreviation,high,pending_review,MTN_477,mediodorsal thalamic nucleus,kept_for_review_or_manual_approval,223,191,133,
478,"mediodorsal thalamic nucleus, central part",MDC,"mediodorsal thalamic nucleus, central part",manual_common_neuroanatomy,MD central,high,pending_review,MTNCP_478,"mediodorsal thalamic nucleus, central part",kept_for_review_or_manual_approval,255,162,0,
479,"mediodorsal thalamic nucleus, lateral part",MDL,"mediodorsal thalamic nucleus, lateral part",manual_common_neuroanatomy,MD lateral,high,pending_review,MTNLP_479,"mediodorsal thalamic nucleus, lateral part",kept_for_review_or_manual_approval,255,227,178,
480,"mediodorsal thalamic nucleus, medial part",MDM,"mediodorsal thalamic nucleus, medial part",manual_common_neuroanatomy,MD medial,high,pending_review,MTNMP_480,"mediodorsal thalamic nucleus, medial part",kept_for_review_or_manual_approval,255,195,89,
482,"medial eminence, external layer",MEex,"medial eminence, external layer",manual_common_neuroanatomy,"median/medial eminence external layer, review source wording",high,pending_review,MEEL_482,"medial eminence, external layer",kept_for_review_or_manual_approval,152,118,225,
483,"medial eminence, internal layer",MEin,"medial eminence, internal layer",manual_common_neuroanatomy,"median/medial eminence internal layer, review source wording",high,pending_review,MEIL_483,"medial eminence, internal layer",kept_for_review_or_manual_approval,193,166,250,
486,medial geniculate nucleus,MG,medial geniculate nucleus,manual_common_neuroanatomy,standard abbreviation,high,pending_review,MGN_486,medial geniculate nucleus,kept_for_review_or_manual_approval,239,171,44,
487,"medial geniculate nucleus, dorsal part",MGD,"medial geniculate nucleus, dorsal part",manual_common_neuroanatomy,MG dorsal,high,pending_review,MGNDP_487,"medial geniculate nucleus, dorsal part",kept_for_review_or_manual_approval,255,228,178,
488,"medial geniculate nucleus, medial part",MGM,"medial geniculate nucleus, medial part",manual_common_neuroanatomy,MG medial,high,pending_review,MGNMP_488,"medial geniculate nucleus, medial part",kept_for_review_or_manual_approval,233,151,0,
489,"medial geniculate nucleus, ventral part",MGV,"medial geniculate nucleus, ventral part",manual_common_neuroanatomy,MG ventral,high,pending_review,MGNVP_489,"medial geniculate nucleus, ventral part",kept_for_review_or_manual_approval,255,166,0,
490,"medial mammillary nucleus, lateral part",MMl,"medial mammillary nucleus, lateral part",manual_common_neuroanatomy,medial mammillary lateral,high,pending_review,MMNLP_490,"medial mammillary nucleus, lateral part",kept_for_review_or_manual_approval,255,113,0,
491,"medial mammillary nucleus, medial part",MMm,"medial mammillary nucleus, medial part",manual_common_neuroanatomy,medial mammillary medial,high,pending_review,MMNMP_491,"medial mammillary nucleus, medial part",kept_for_review_or_manual_approval,223,171,0,
492,medial orbital cortex,MO,medial orbital cortex,paxinos_cortex_file_exact_id,Exact ID match in Paxinos_Watson_Labels_Cortex.txt: MO,official_local,pending_review,MO,medial orbital cortex,kept_for_review_or_manual_approval,206,212,35,
493,main olfactory bulb,MOB,main olfactory bulb,manual_common_neuroanatomy,standard abbreviation,high,pending_review,MOB_493,main olfactory bulb,kept_for_review_or_manual_approval,236,255,178,
494,medial preoptic area,MPA,medial preoptic area,manual_common_neuroanatomy,standard abbreviation,high,pending_review,MPA_494,medial preoptic area,kept_for_review_or_manual_approval,233,150,89,
495,medial parabrachial nucleus,MPB,medial parabrachial nucleus,manual_common_neuroanatomy,standard abbreviation,high,pending_review,MPN_495,medial parabrachial nucleus,kept_for_review_or_manual_approval,178,255,220,
496,medial parabrachial nucleus external part,MPBE,medial parabrachial nucleus external part,manual_common_neuroanatomy,MPB external,high,pending_review,MPNEP_496,medial parabrachial nucleus external part,kept_for_review_or_manual_approval,0,255,140,
498,medial preoptic nucleus,MPN,medial preoptic nucleus,manual_common_neuroanatomy,standard abbreviation,high,pending_review,MPN_498,medial preoptic nucleus,kept_for_review_or_manual_approval,255,106,0,
499,"medial preoptic nucleus, central part",MPNc,"medial preoptic nucleus, central part",manual_common_neuroanatomy,MPN central,high,pending_review,MPNCP_499,"medial preoptic nucleus, central part",kept_for_review_or_manual_approval,255,158,89,
500,"medial preoptic nucleus, lateral part",MPNl,"medial preoptic nucleus, lateral part",manual_common_neuroanatomy,MPN lateral,high,pending_review,MPNLP_500,"medial preoptic nucleus, lateral part",kept_for_review_or_manual_approval,255,106,0,
501,"medial preoptic nucleus, medial part",MPNm,"medial preoptic nucleus, medial part",manual_common_neuroanatomy,MPN medial,high,pending_review,MPNMP_501,"medial preoptic nucleus, medial part",kept_for_review_or_manual_approval,255,210,178,
504,medial parietal association cortex,MPtA,medial parietal association cortex,paxinos_cortex_file_exact_id,Exact ID match in Paxinos_Watson_Labels_Cortex.txt: MPtA,official_local,pending_review,MPtA,medial parietal association cortex,kept_for_review_or_manual_approval,210,212,142,
506,mammillary recess of the 3rd ventricle,MRe,mammillary recess of the 3rd ventricle,manual_common_neuroanatomy,mammillary recess,high,pending_review,MROT3V_506,mammillary recess of the 3rd ventricle,kept_for_review_or_manual_approval,223,0,120,
507,medial septal nucleus,MS,medial septal nucleus,manual_common_neuroanatomy,common abbreviation for medial septal nucleus,high,pending_review,MSN_507,medial septal nucleus,kept_for_review_or_manual_approval,221,255,178,
510,medial tuberal nucleus,MTu,medial tuberal nucleus,manual_common_neuroanatomy,standard-derived abbreviation,high,pending_review,MTN_510,medial tuberal nucleus,kept_for_review_or_manual_approval,255,97,0,
520,medial amygdaloid nucleus,MeA,medial amygdaloid nucleus,manual_common_neuroanatomy,common abbreviation for medial amygdala/amygdaloid nucleus,high,pending_review,MAN_520,medial amygdaloid nucleus,kept_for_review_or_manual_approval,255,159,118,
523,"medial amygdaloid nucleus, ant dorsal",MeAD,"medial amygdaloid nucleus, ant dorsal",manual_common_neuroanatomy,MeA + anterodorsal,high,pending_review,MANAD_523,"medial amygdaloid nucleus, ant dorsal",kept_for_review_or_manual_approval,255,73,0,
524,"medial amygdaloid nucleus, anteroventral part",MeAV,"medial amygdaloid nucleus, anteroventral part",manual_common_neuroanatomy,MeA + anteroventral,high,pending_review,MANAP_524,"medial amygdaloid nucleus, anteroventral part",kept_for_review_or_manual_approval,255,200,178,
525,"medial amygdaloid nucleus, posterodorsal part",MePD,"medial amygdaloid nucleus, posterodorsal part",manual_common_neuroanatomy,common abbreviation for medial amygdala posterodorsal,high,pending_review,MANPP_525,"medial amygdaloid nucleus, posterodorsal part",kept_for_review_or_manual_approval,255,76,0,
526,"medial amygdaloid nucleus, posteroventral part",MePV,"medial amygdaloid nucleus, posteroventral part",manual_common_neuroanatomy,common abbreviation for medial amygdala posteroventral,high,pending_review,MANPP_526,"medial amygdaloid nucleus, posteroventral part",kept_for_review_or_manual_approval,89,11,255,
530,medulla-oblongolata,MY,medulla oblongata,manual_common_neuroanatomy,"Allen-style abbreviation for medulla/myelencephalon, source spelling retained",high,pending_review,MO_530,medulla-oblongolata,kept_for_review_or_manual_approval,133,203,168,
531,mitral cell layer of the olfactory bulb,Mi,mitral cell layer of the olfactory bulb,manual_common_neuroanatomy,mitral layer,high,pending_review,MCLOTO_531,mitral cell layer of the olfactory bulb,kept_for_review_or_manual_approval,193,255,0,
532,mitral cell layer of the accessory olfactory bulb,AOBMi,mitral cell layer of the accessory olfactory bulb,manual_common_neuroanatomy,AOB mitral layer,high,pending_review,MCLOTA_532,mitral cell layer of the accessory olfactory bulb,kept_for_review_or_manual_approval,237,255,178,
536,"medial mammillary nucleus, median part",MMn,"medial mammillary nucleus, median part",manual_common_neuroanatomy,medial mammillary median,high,pending_review,MMNMP_536,"medial mammillary nucleus, median part",kept_for_review_or_manual_approval,134,83,242,
537,median preoptic nucleus,MnPO,median preoptic nucleus,manual_common_neuroanatomy,standard abbreviation,high,pending_review,MPN_537,median preoptic nucleus,kept_for_review_or_manual_approval,116,71,212,
538,median raphe nucleus,MnR,median raphe nucleus,manual_common_neuroanatomy,standard abbreviation,high,pending_review,MRN_538,median raphe nucleus,kept_for_review_or_manual_approval,59,255,220,
543,molecular layer of the dentate gyrus,ML,molecular layer of the dentate gyrus,manual_common_neuroanatomy,molecular layer of dentate gyrus,high,pending_review,MLOTDG_543,molecular layer of the dentate gyrus,kept_for_review_or_manual_approval,233,255,89,
553,obex,obex,obex,manual_common_neuroanatomy,descriptive label retained,high,pending_review,O_553,obex,kept_for_review_or_manual_approval,75,11,208,
555,olfactory cortex,OLF,olfactory cortex,manual_common_neuroanatomy,Allen-style broad abbreviation,high,pending_review,OC_555,olfactory cortex,kept_for_review_or_manual_approval,249,255,178,
558,oriens layer of the hippocampus,SO,oriens layer of the hippocampus,manual_common_neuroanatomy,stratum oriens,high,pending_review,OLOTH_558,oriens layer of the hippocampus,kept_for_review_or_manual_approval,205,233,0,
563,periaqueductal gray,PAG,periaqueductal gray,manual_common_neuroanatomy,standard abbreviation,high,pending_review,PG_563,periaqueductal gray,kept_for_review_or_manual_approval,59,61,255,
564,parabrachial nucleus,PB,parabrachial nucleus,manual_common_neuroanatomy,standard abbreviation,high,pending_review,PN_564,parabrachial nucleus,kept_for_review_or_manual_approval,89,229,166,
566,parabrachial pigmented nucleus of the VTA,PBP,parabrachial pigmented nucleus of the VTA,manual_common_neuroanatomy,standard abbreviation,high,pending_review,PPNOTV_566,parabrachial pigmented nucleus of the VTA,kept_for_review_or_manual_approval,178,255,222,
568,paracentral thalamic nucleus,PC,paracentral thalamic nucleus,manual_common_neuroanatomy,standard abbreviation,high,pending_review,PTN_568,paracentral thalamic nucleus,kept_for_review_or_manual_approval,223,136,0,
576,posterodorsal preoptic nucleus,PDPO,posterodorsal preoptic nucleus,manual_common_neuroanatomy,standard abbreviation,high,pending_review,PPN_576,posterodorsal preoptic nucleus,kept_for_review_or_manual_approval,83,0,255,
579,parafascicular thalamic nucleus,PF,parafascicular thalamic nucleus,manual_common_neuroanatomy,standard abbreviation,high,pending_review,PTN_579,parafascicular thalamic nucleus,kept_for_review_or_manual_approval,244,187,35,
581,posterior hypothalamic nucleus,PH,posterior hypothalamic nucleus,manual_common_neuroanatomy,standard abbreviation,high,pending_review,PHN_581,posterior hypothalamic nucleus,kept_for_review_or_manual_approval,233,104,0,
582,posterior hypothalamic area,PH_582,posterior hypothalamic area,manual_common_neuroanatomy,"standard abbreviation, review overlap with posterior hypothalamic nucleus",high,pending_review,PHA_582,posterior hypothalamic area,kept_for_review_or_manual_approval,100,47,208,Acronym PH duplicated with label_id 581; suffixed with label_id for uniqueness.
583,"posterior hypothalamic area, dorsal part",PHD,"posterior hypothalamic area, dorsal part",manual_common_neuroanatomy,PH dorsal,high,pending_review,PHADP_583,"posterior hypothalamic area, dorsal part",kept_for_review_or_manual_approval,183,154,242,
584,parainterfascicular nucleus of the VTA,PIF,parainterfascicular nucleus of the VTA,manual_common_neuroanatomy,standard abbreviation,high,pending_review,PNOTV_584,parainterfascicular nucleus of the VTA,kept_for_review_or_manual_approval,187,154,255,
585,posterior intralaminar thalamic nucleus,PIL,posterior intralaminar thalamic nucleus,manual_common_neuroanatomy,standard abbreviation,high,pending_review,PITN_585,posterior intralaminar thalamic nucleus,kept_for_review_or_manual_approval,233,189,71,
587,posterolateral cortical amygdaloid nucleus,PLCo,posterolateral cortical amygdaloid nucleus,manual_common_neuroanatomy,standard abbreviation for posterolateral cortical amygdala,high,pending_review,PCAN_587,posterolateral cortical amygdaloid nucleus,kept_for_review_or_manual_approval,233,113,59,
591,peduncular part of lateral hypothalamus,PeF,peduncular part of lateral hypothalamus,manual_common_neuroanatomy,"commonly related peduncular/perifornical lateral hypothalamus abbreviation, review",high,pending_review,PPOLH_591,peduncular part of lateral hypothalamus,kept_for_review_or_manual_approval,178,154,225,
594,posterior limitans thalamic nucleus,PoT,posterior limitans thalamic nucleus,manual_common_neuroanatomy,"common descriptive abbreviation, review",high,pending_review,PLTN_594,posterior limitans thalamic nucleus,kept_for_review_or_manual_approval,107,59,203,
596,posteromedial cortical amygdaloid nucleus,PMCo,posteromedial cortical amygdaloid nucleus,manual_common_neuroanatomy,standard abbreviation for posteromedial cortical amygdala,high,pending_review,PCAN_596,posteromedial cortical amygdaloid nucleus,kept_for_review_or_manual_approval,255,203,178,
600,paramedian raphe nucleus,PMnR,paramedian raphe nucleus,manual_common_neuroanatomy,standard abbreviation,high,pending_review,PRN_600,paramedian raphe nucleus,kept_for_review_or_manual_approval,0,223,183,
601,paranigral nucleus of the VTA,PN,paranigral nucleus of the VTA,manual_common_neuroanatomy,standard abbreviation,high,pending_review,PNOTV_601,paranigral nucleus of the VTA,kept_for_review_or_manual_approval,142,244,172,
608,perirhinal cortex,PRh,perirhinal cortex,paxinos_cortex_file_exact_id,Exact ID match in Paxinos_Watson_Labels_Cortex.txt: PRh,official_local,pending_review,PRh,perirhinal cortex,kept_for_review_or_manual_approval,235,244,0,
609,parastrial nucleus,PS,parastrial nucleus,manual_common_neuroanatomy,standard abbreviation,high,pending_review,PN_609,parastrial nucleus,kept_for_review_or_manual_approval,223,95,0,
612,paratenial thalamic nucleus,PT,paratenial thalamic nucleus,manual_common_neuroanatomy,standard abbreviation,high,pending_review,PTN_612,paratenial thalamic nucleus,kept_for_review_or_manual_approval,244,216,142,
614,pedunculopontine tegmental nucleus,PPTg,pedunculopontine tegmental nucleus,manual_common_neuroanatomy,standard abbreviation,high,pending_review,PTN_614,pedunculopontine tegmental nucleus,kept_for_review_or_manual_approval,172,142,229,
615,paraventricular thalamic nucleus,PVT,paraventricular thalamic nucleus,manual_common_neuroanatomy,standard abbreviation,high,pending_review,PTN_615,paraventricular thalamic nucleus,kept_for_review_or_manual_approval,223,163,0,
616,"paraventricular thalamic nucleus, anterior part",PVTa,"paraventricular thalamic nucleus, anterior part",manual_common_neuroanatomy,PVT anterior,high,pending_review,PTNAP_616,"paraventricular thalamic nucleus, anterior part",kept_for_review_or_manual_approval,212,174,71,
617,"paraventricular thalamic nucleus, posterior part",PVTp,"paraventricular thalamic nucleus, posterior part",manual_common_neuroanatomy,PVT posterior,high,pending_review,PTNPP_617,"paraventricular thalamic nucleus, posterior part",kept_for_review_or_manual_approval,244,207,107,
619,paraventricular hypoth nucleus,PVH,paraventricular hypothalamic nucleus,manual_common_neuroanatomy,Allen-style abbreviation for paraventricular hypothalamic nucleus,high,pending_review,PHN_619,paraventricular hypoth nucleus,kept_for_review_or_manual_approval,255,166,89,
624,"paraventricular hypothalamic nucleus, anterior parvicellular part",PVHap,"paraventricular hypothalamic nucleus, anterior parvicellular part",manual_common_neuroanatomy,PVH anterior parvicellular,high,pending_review,PHNAPP_624,"paraventricular hypothalamic nucleus, anterior parvicellular part",kept_for_review_or_manual_approval,255,150,59,
626,"paraventricular hypothalamic nucleus, dorsal cap",PVHdc,"paraventricular hypothalamic nucleus, dorsal cap",manual_common_neuroanatomy,PVH dorsal cap,high,pending_review,PHNDC_626,"paraventricular hypothalamic nucleus, dorsal cap",kept_for_review_or_manual_approval,233,109,0,
627,"paraventricular hypothalamic nucleus, lateral magnocellular part",PVHlm,"paraventricular hypothalamic nucleus, lateral magnocellular part",manual_common_neuroanatomy,PVH lateral magnocellular,high,pending_review,PHNLMP_627,"paraventricular hypothalamic nucleus, lateral magnocellular part",kept_for_review_or_manual_approval,255,119,0,
628,"paraventricular hypothalamic nucleus, medial magnocellular part",PVHmm,"paraventricular hypothalamic nucleus, medial magnocellular part",manual_common_neuroanatomy,PVH medial magnocellular,high,pending_review,PHNMMP_628,"paraventricular hypothalamic nucleus, medial magnocellular part",kept_for_review_or_manual_approval,196,166,255,
629,"paraventricular hypothalamic nucleus, medial parvicellular part",PVHmp,"paraventricular hypothalamic nucleus, medial parvicellular part",manual_common_neuroanatomy,PVH medial parvicellular,high,pending_review,PHNMPP_629,"paraventricular hypothalamic nucleus, medial parvicellular part",kept_for_review_or_manual_approval,233,141,59,
630,"paraventricular hypothalamic nucleus, posterior part",PVHp,"paraventricular hypothalamic nucleus, posterior part",manual_common_neuroanatomy,PVH posterior,high,pending_review,PHNPP_630,"paraventricular hypothalamic nucleus, posterior part",kept_for_review_or_manual_approval,255,214,178,
632,parasubiculum,PaS,parasubiculum,manual_common_neuroanatomy,common abbreviation,high,pending_review,P_632,parasubiculum,kept_for_review_or_manual_approval,182,223,0,
633,"paraventricular hypothalamic nucleus, ventral part",PVHv,"paraventricular hypothalamic nucleus, ventral part",manual_common_neuroanatomy,PVH ventral,high,pending_review,PHNVP_633,"paraventricular hypothalamic nucleus, ventral part",kept_for_review_or_manual_approval,255,183,118,
634,paraxiphoid nucleus of thalamus,PaXi,paraxiphoid nucleus of thalamus,manual_common_neuroanatomy,descriptive abbreviation,high,pending_review,PNOT_634,paraxiphoid nucleus of thalamus,kept_for_review_or_manual_approval,244,178,0,
635,periventricular hypothalamic nucleus,Pe,periventricular hypothalamic nucleus,manual_common_neuroanatomy,common Paxinos-style abbreviation for periventricular hypothalamic nucleus,high,pending_review,PHN_635,periventricular hypothalamic nucleus,kept_for_review_or_manual_approval,255,170,89,
636,perifornical nucleus,PeF_636,perifornical nucleus,manual_common_neuroanatomy,common abbreviation for perifornical nucleus,high,pending_review,PN_636,perifornical nucleus,kept_for_review_or_manual_approval,255,154,89,Acronym PeF duplicated with label_id 591; suffixed with label_id for uniqueness.
637,perifornical part of lateral hypothalamus,PeF_637,perifornical part of lateral hypothalamus,manual_common_neuroanatomy,"common abbreviation for perifornical region, review",high,pending_review,PPOLH_637,perifornical part of lateral hypothalamus,kept_for_review_or_manual_approval,149,118,208,Acronym PeF duplicated with label_id 591; suffixed with label_id for uniqueness.
638,pineal gland,Pineal,pineal gland,manual_common_neuroanatomy,descriptive abbreviation,high,pending_review,PG_638,pineal gland,kept_for_review_or_manual_approval,255,238,178,
640,pineal stalk,PinealSt,pineal stalk,manual_common_neuroanatomy,descriptive abbreviation,high,pending_review,PS_640,pineal stalk,kept_for_review_or_manual_approval,154,119,220,
641,piriform cortex,Pir,piriform cortex,manual_common_neuroanatomy,standard abbreviation,high,pending_review,PC_641,piriform cortex,kept_for_review_or_manual_approval,237,255,0,
648,pleoglial periaqueductal gray,PIPAG,pleoglial periaqueductal gray,manual_common_neuroanatomy,"descriptive abbreviation, review",high,pending_review,PPG_648,pleoglial periaqueductal gray,kept_for_review_or_manual_approval,118,120,255,
652,pontine raphe nucleus,PnR,pontine raphe nucleus,manual_common_neuroanatomy,standard abbreviation,high,pending_review,PRN_652,pontine raphe nucleus,kept_for_review_or_manual_approval,0,255,180,
654,posterior thalamic nuclear group,Po,posterior thalamic nuclear group,manual_common_neuroanatomy,common abbreviation,high,pending_review,PTNG_654,posterior thalamic nuclear group,kept_for_review_or_manual_approval,223,178,89,
655,polymorph layer of the dentate gyrus,PoDG,polymorph layer of the dentate gyrus,manual_common_neuroanatomy,polymorph layer of dentate gyrus,high,pending_review,PLOTDG_655,polymorph layer of the dentate gyrus,kept_for_review_or_manual_approval,244,255,178,
656,posteromedian thalamic nucleus,PoM,posteromedian thalamic nucleus,manual_common_neuroanatomy,standard abbreviation,high,pending_review,PTN_656,posteromedian thalamic nucleus,kept_for_review_or_manual_approval,255,186,0,
657,"posterior thalamic nuclear group, triangular part",PoT_657,"posterior thalamic nuclear group, triangular part",manual_common_neuroanatomy,posterior thalamic triangular,high,pending_review,PTNGTP_657,"posterior thalamic nuclear group, triangular part",kept_for_review_or_manual_approval,255,169,0,Acronym PoT duplicated with label_id 594; suffixed with label_id for uniqueness.
658,postsubiculum,PoS,postsubiculum,manual_common_neuroanatomy,common abbreviation,high,pending_review,P_658,postsubiculum,kept_for_review_or_manual_approval,208,255,0,
660,principal sensory trigeminal nucleus,Pr5,principal sensory trigeminal nucleus,manual_common_neuroanatomy,common abbreviation,high,pending_review,PSTN_660,principal sensory trigeminal nucleus,kept_for_review_or_manual_approval,89,242,183,
667,prelimbic cortex,PrL,prelimbic cortex,paxinos_cortex_file_exact_id,Exact ID match in Paxinos_Watson_Labels_Cortex.txt: PrL,official_local,pending_review,PrL,prelimbic cortex,kept_for_review_or_manual_approval,228,233,71,
669,presubiculum,PrS,presubiculum,manual_common_neuroanatomy,common abbreviation,high,pending_review,P_669,presubiculum,kept_for_review_or_manual_approval,224,255,89,
671,"parietal cortex, posterior area, caudal part",PtPC,"parietal cortex, posterior area, caudal part",paxinos_cortex_file_exact_id,Exact ID match in Paxinos_Watson_Labels_Cortex.txt: PtPC,official_local,pending_review,PtPC,"parietal cortex, posterior area, caudal part",kept_for_review_or_manual_approval,217,223,71,
672,"parietal cortex, posterior area, dorsal part",PtPD,"parietal cortex, posterior area, dorsal part",paxinos_cortex_file_exact_id,Exact ID match in Paxinos_Watson_Labels_Cortex.txt: PtPD,official_local,pending_review,PtPD,"parietal cortex, posterior area, dorsal part",kept_for_review_or_manual_approval,204,212,0,
673,"parietal cortex, posterior area, rostral part",PtPR,"parietal cortex, posterior area, rostral part",paxinos_cortex_file_exact_id,Exact ID match in Paxinos_Watson_Labels_Cortex.txt: PtPR,official_local,pending_review,PtPR,"parietal cortex, posterior area, rostral part",kept_for_review_or_manual_approval,220,223,142,
674,pyramidal cell layer of the hippocampus,SP,pyramidal cell layer of the hippocampus,manual_common_neuroanatomy,stratum pyramidale,high,pending_review,PCLOTH_674,pyramidal cell layer of the hippocampus,kept_for_review_or_manual_approval,238,255,118,
675,red nucleus,RN,red nucleus,manual_common_neuroanatomy,standard abbreviation,high,pending_review,RN_675,red nucleus,kept_for_review_or_manual_approval,133,216,197,
677,rostral amygdalopiriform area,RAIP,rostral amygdalopiriform area,manual_common_neuroanatomy,standard-derived abbreviation for rostral amygdalopiriform area,high,pending_review,RAA_677,rostral amygdalopiriform area,kept_for_review_or_manual_approval,248,255,178,
683,retrochiasmatic area,RCh,retrochiasmatic area,manual_common_neuroanatomy,standard abbreviation,high,pending_review,RA_683,retrochiasmatic area,kept_for_review_or_manual_approval,255,212,178,
684,"retrochiasmatic area, lateral part",RChL,"retrochiasmatic area, lateral part",manual_common_neuroanatomy,RCh lateral,high,pending_review,RALP_684,"retrochiasmatic area, lateral part",kept_for_review_or_manual_approval,100,23,242,
687,raphe interpositus nucleus,RIP,raphe interpositus nucleus,manual_common_neuroanatomy,standard-derived abbreviation,high,pending_review,RIN_687,raphe interpositus nucleus,kept_for_review_or_manual_approval,59,223,195,
702,retrosplenial dysgranular cortex,RSD,retrosplenial dysgranular cortex,paxinos_cortex_file_exact_id,Exact ID match in Paxinos_Watson_Labels_Cortex.txt: RSD,official_local,pending_review,RSD,retrosplenial dysgranular cortex,kept_for_review_or_manual_approval,238,244,71,
703,retrosplenial granular cortex,RSG,retrosplenial granular cortex,paxinos_cortex_file_exact_id,Exact ID match in Paxinos_Watson_Labels_Cortex.txt: RSG,official_local,pending_review,RSG,retrosplenial granular cortex,kept_for_review_or_manual_approval,255,254,178,
704,"retrosplenial granular cortex, a region",RSGa,"retrosplenial granular cortex, a region",paxinos_cortex_file_exact_id,Exact ID match in Paxinos_Watson_Labels_Cortex.txt: RSGa,official_local,pending_review,RSGa,"retrosplenial granular cortex, a region",kept_for_review_or_manual_approval,255,253,89,
705,"retrosplenial granular cortex, b region",RSGb,"retrosplenial granular cortex, b region",paxinos_cortex_file_exact_id,Exact ID match in Paxinos_Watson_Labels_Cortex.txt: RSGb,official_local,pending_review,RSGb,"retrosplenial granular cortex, b region",kept_for_review_or_manual_approval,255,254,0,
706,"retrosplenial granular cortex, c region",RSGc,"retrosplenial granular cortex, c region",paxinos_cortex_file_exact_id,Exact ID match in Paxinos_Watson_Labels_Cortex.txt: RSGc,official_local,pending_review,RSGc,"retrosplenial granular cortex, c region",kept_for_review_or_manual_approval,255,254,178,
711,reuniens thalamic nucleus,Re,reuniens thalamic nucleus,manual_common_neuroanatomy,standard abbreviation,high,pending_review,RTN_711,reuniens thalamic nucleus,kept_for_review_or_manual_approval,255,186,44,
714,rhomboid thalamic nucleus,Rh,rhomboid thalamic nucleus,manual_common_neuroanatomy,standard abbreviation,high,pending_review,RTN_714,rhomboid thalamic nucleus,kept_for_review_or_manual_approval,255,215,107,
721,primary somatosensory cortex,S1,primary somatosensory cortex,paxinos_cortex_file_exact_id,Exact ID match in Paxinos_Watson_Labels_Cortex.txt: S1,official_local,pending_review,S1,primary somatosensory cortex,kept_for_review_or_manual_approval,232,233,0,
722,"primary somatosensory cortex, barrel field",S1BF,"primary somatosensory cortex, barrel field",paxinos_cortex_file_exact_id,Exact ID match in Paxinos_Watson_Labels_Cortex.txt: S1BF,official_local,pending_review,S1BF,"primary somatosensory cortex, barrel field",kept_for_review_or_manual_approval,254,255,0,
723,"primary somatosensory cortex, dysgranular  zone",S1DZ,"primary somatosensory cortex, dysgranular  zone",paxinos_cortex_file_exact_id,Exact ID match in Paxinos_Watson_Labels_Cortex.txt: S1DZ,official_local,pending_review,S1DZ,"primary somatosensory cortex, dysgranular  zone",kept_for_review_or_manual_approval,254,255,59,
724,"primary somatosensory cortex, oral dysgranular zone",S1DZO,"primary somatosensory cortex, oral dysgranular zone",paxinos_cortex_file_exact_id,Exact ID match in Paxinos_Watson_Labels_Cortex.txt: S1DZO,official_local,pending_review,S1DZO,"primary somatosensory cortex, oral dysgranular zone",kept_for_review_or_manual_approval,232,233,0,
725,"primary somatosensory cortex, forelimb region",S1FL,"primary somatosensory cortex, forelimb region",paxinos_cortex_file_exact_id,Exact ID match in Paxinos_Watson_Labels_Cortex.txt: S1FL,official_local,pending_review,S1FL,"primary somatosensory cortex, forelimb region",kept_for_review_or_manual_approval,254,255,178,
726,"primary somatosensory cortex, hindlimb region",S1HL,"primary somatosensory cortex, hindlimb region",paxinos_cortex_file_exact_id,Exact ID match in Paxinos_Watson_Labels_Cortex.txt: S1HL,official_local,pending_review,S1HL,"primary somatosensory cortex, hindlimb region",kept_for_review_or_manual_approval,211,212,59,
727,"primary somatosensory cortex, jaw region",S1J,"primary somatosensory cortex, jaw region",paxinos_cortex_file_exact_id,Exact ID match in Paxinos_Watson_Labels_Cortex.txt: S1J,official_local,pending_review,S1J,"primary somatosensory cortex, jaw region",kept_for_review_or_manual_approval,232,233,59,
728,"primary somatosensory cortex, shoulder region",S1Sh,"primary somatosensory cortex, shoulder region",paxinos_cortex_file_exact_id,Exact ID match in Paxinos_Watson_Labels_Cortex.txt: S1Sh,official_local,pending_review,S1Sh,"primary somatosensory cortex, shoulder region",kept_for_review_or_manual_approval,210,212,0,
730,"primary somatosensory cortex, trunk region",S1Tr,"primary somatosensory cortex, trunk region",paxinos_cortex_file_exact_id,Exact ID match in Paxinos_Watson_Labels_Cortex.txt: S1Tr,official_local,pending_review,S1Tr,"primary somatosensory cortex, trunk region",kept_for_review_or_manual_approval,232,233,118,
731,"primary somatosensory cortex, upper lip region",S1ULp,"primary somatosensory cortex, upper lip region",paxinos_cortex_file_exact_id,Exact ID match in Paxinos_Watson_Labels_Cortex.txt: S1ULp,official_local,pending_review,S1ULp,"primary somatosensory cortex, upper lip region",kept_for_review_or_manual_approval,253,255,118,
732,secondary somatosensory cortex,S2,secondary somatosensory cortex,paxinos_cortex_file_exact_id,Exact ID match in Paxinos_Watson_Labels_Cortex.txt: S2,official_local,pending_review,S2,secondary somatosensory cortex,kept_for_review_or_manual_approval,230,233,142,
733,superior colliculus,SC,superior colliculus,manual_common_neuroanatomy,standard abbreviation,high,pending_review,SC_733,superior colliculus,kept_for_review_or_manual_approval,10,0,233,
735,suprachiasmatic nucleus,SCN,suprachiasmatic nucleus,manual_common_neuroanatomy,standard abbreviation,high,pending_review,SN_735,suprachiasmatic nucleus,kept_for_review_or_manual_approval,255,215,178,
749,submammillothalamic nucleus,SMT,submammillothalamic nucleus,manual_common_neuroanatomy,standard abbreviation,high,pending_review,SN_749,submammillothalamic nucleus,kept_for_review_or_manual_approval,145,107,212,
752,"substantia nigra, compact part",SNc,"substantia nigra, compact part",manual_common_neuroanatomy,standard abbreviation,high,pending_review,SNCP_752,"substantia nigra, compact part",kept_for_review_or_manual_approval,23,0,255,
756,"substantia nigra, lateral part",SNL,"substantia nigra, lateral part",manual_common_neuroanatomy,standard abbreviation,high,pending_review,SNLP_756,"substantia nigra, lateral part",kept_for_review_or_manual_approval,31,0,255,
758,"substantia nigra, reticular part",SNr,"substantia nigra, reticular part",manual_common_neuroanatomy,standard abbreviation,high,pending_review,SNRP_758,"substantia nigra, reticular part",kept_for_review_or_manual_approval,112,89,255,
798,nucleus of the solitary tract,NTS,nucleus of the solitary tract,manual_common_neuroanatomy,standard abbreviation,high,pending_review,NOTST_798,nucleus of the solitary tract,kept_for_review_or_manual_approval,133,229,220,
812,spinal trigeminal nucleus,Sp5,spinal trigeminal nucleus,manual_common_neuroanatomy,common abbreviation,high,pending_review,STN_812,spinal trigeminal nucleus,kept_for_review_or_manual_approval,44,203,196,
813,"spinal trigeminal nucleus, caudal part",Sp5C,"spinal trigeminal nucleus, caudal part",manual_common_neuroanatomy,common abbreviation,high,pending_review,STNCP_813,"spinal trigeminal nucleus, caudal part",kept_for_review_or_manual_approval,178,255,250,
814,"spinal trigeminal nucleus, interpolar part",Sp5I,"spinal trigeminal nucleus, interpolar part",manual_common_neuroanatomy,common abbreviation,high,pending_review,STNIP_814,"spinal trigeminal nucleus, interpolar part",kept_for_review_or_manual_approval,0,255,243,
815,"spinal trigeminal nucleus, oral part",Sp5O,"spinal trigeminal nucleus, oral part",manual_common_neuroanatomy,common abbreviation,high,pending_review,STNOP_815,"spinal trigeminal nucleus, oral part",kept_for_review_or_manual_approval,89,255,248,
830,supramammillary nucleus,SuM,supramammillary nucleus,manual_common_neuroanatomy,standard abbreviation,high,pending_review,SN_830,supramammillary nucleus,kept_for_review_or_manual_approval,255,211,178,
836,submedius thalamic nucleus,Sub,submedius thalamic nucleus,manual_common_neuroanatomy,"common abbreviation, review conflict",high,pending_review,STN_836,submedius thalamic nucleus,kept_for_review_or_manual_approval,255,204,89,
853,temporal associatin cortex,TeA,temporal association cortex,paxinos_cortex_file_exact_id,Exact ID match in Paxinos_Watson_Labels_Cortex.txt: TeA,official_local,pending_review,TeA,temporal associatin cortex,kept_for_review_or_manual_approval,208,212,107,
856,thalamus,TH,thalamus,manual_common_neuroanatomy,Allen-style broad abbreviation,high,pending_review,T_856,thalamus,kept_for_review_or_manual_approval,223,146,0,
869,primary visual cortex,V1,primary visual cortex,paxinos_cortex_file_exact_id,Exact ID match in Paxinos_Watson_Labels_Cortex.txt: V1,official_local,pending_review,V1,primary visual cortex,kept_for_review_or_manual_approval,231,233,89,
870,"primary visual cortex, binocular area",V1B,"primary visual cortex, binocular area",paxinos_cortex_file_exact_id,Exact ID match in Paxinos_Watson_Labels_Cortex.txt: V1B,official_local,pending_review,V1B,"primary visual cortex, binocular area",kept_for_review_or_manual_approval,254,255,178,
871,"primary visual cortex, monocular area",V1M,"primary visual cortex, monocular area",paxinos_cortex_file_exact_id,Exact ID match in Paxinos_Watson_Labels_Cortex.txt: V1M,official_local,pending_review,V1M,"primary visual cortex, monocular area",kept_for_review_or_manual_approval,250,255,0,
873,"secondary visual cortex, lateral area",V2L,"secondary visual cortex, lateral area",paxinos_cortex_file_exact_id,Exact ID match in Paxinos_Watson_Labels_Cortex.txt: V2L,official_local,pending_review,V2L,"secondary visual cortex, lateral area",kept_for_review_or_manual_approval,253,255,178,
874,"secondary visual cortex, mediolateral area",V2ML,"secondary visual cortex, mediolateral area",paxinos_cortex_file_exact_id,Exact ID match in Paxinos_Watson_Labels_Cortex.txt: V2ML,official_local,pending_review,V2ML,"secondary visual cortex, mediolateral area",kept_for_review_or_manual_approval,248,255,0,
875,"secondary visual cortex, mediomedial area",V2MM,"secondary visual cortex, mediomedial area",paxinos_cortex_file_exact_id,Exact ID match in Paxinos_Watson_Labels_Cortex.txt: V2MM,official_local,pending_review,V2MM,"secondary visual cortex, mediomedial area",kept_for_review_or_manual_approval,250,255,89,
876,ventral anterior thalamic nucleus,VA,ventral anterior thalamic nucleus,manual_common_neuroanatomy,standard abbreviation,high,pending_review,VATN_876,ventral anterior thalamic nucleus,kept_for_review_or_manual_approval,255,179,0,
896,ventrolateral periaqueductal gray,VLPAG,ventrolateral periaqueductal gray,manual_common_neuroanatomy,standard subdivision abbreviation,high,pending_review,VPG_896,ventrolateral periaqueductal gray,kept_for_review_or_manual_approval,118,119,233,
907,ventral orbital cortex,VO,ventral orbital cortex,paxinos_cortex_file_exact_id,Exact ID match in Paxinos_Watson_Labels_Cortex.txt: VO,official_local,pending_review,VO,ventral orbital cortex,kept_for_review_or_manual_approval,249,255,107,
910,ventral posterolateral thalamic nucleus,VPL,ventral posterolateral thalamic nucleus,manual_common_neuroanatomy,standard abbreviation,high,pending_review,VPTN_910,ventral posterolateral thalamic nucleus,kept_for_review_or_manual_approval,212,165,35,
911,ventral posteromedial thalamic nucleus,VPM,ventral posteromedial thalamic nucleus,manual_common_neuroanatomy,standard abbreviation,high,pending_review,VPTN_911,ventral posteromedial thalamic nucleus,kept_for_review_or_manual_approval,255,196,35,
916,ventral tegmental area,VTA,ventral tegmental area,manual_common_neuroanatomy,standard abbreviation,high,pending_review,VTA_916,ventral tegmental area,kept_for_review_or_manual_approval,68,35,203,
918,ventral tuberomammillary nucleus,TMv,ventral tuberomammillary nucleus,manual_common_neuroanatomy,tuberomammillary ventral,high,pending_review,VTN_918,ventral tuberomammillary nucleus,kept_for_review_or_manual_approval,255,208,178,
1073,solitary tract,sol,solitary tract,manual_common_neuroanatomy,standard abbreviation,high,pending_review,ST_1073,solitary tract,kept_for_review_or_manual_approval,89,255,242,
